AC155624.2_FG011,57.6040089496079,response to stress
AC177897.2_FG002,3.58680005897559,response to stress
AC182617.3_FG001,18.4361522998745,response to stress
AC183315.4_FG006,11.5494961899214,response to stress
AC186606.4_FG003,1.00430401699316,response to stress
AC189750.4_FG004,93.9741615493603,response to stress
AC190526.3_FG004,0.573888008996094,response to stress
AC191069.3_FG004,3.15638405197852,response to stress
AC194341.4_FG002,38.8091766397358,housekeeping genes
AC194914.3_FG002,4.51936807496924,response to stress
AC195340.3_FG002,59.3256729795962,housekeeping genes
AC199363.4_FG003,9.11047215093799,response to stress
AC199705.3_FG008,34.2898085697666,response to stress
AC203535.4_FG004,220.731675598498,response to stress
AC209208.3_FG005,10.1147761699312,housekeeping genes
AC209257.4_FG003,1.2195120199917,response to stress
AC209835.4_FG004,29.6987044897979,response to stress
AC210013.4_FG012,4.16068806897168,response to stress
AC211401.4_FG003,11.9799121999185,response to stress
AC212068.4_FG005,16.1406002698901,response to stress
AC217050.4_FG004,26.8292644398174,response to stress
AC217271.3_FG002,21.0186483498569,housekeeping genes
AC217965.2_FG012,3.80200806297412,response to stress
AC233870.1_FG006,76.8292572694771,housekeeping genes
AC233979.1_FG009,21.592536359853,housekeeping genes
AC234154.1_FG007,34.3615445697661,housekeeping genes
AC234183.1_FG002,3.15638405197852,response to stress
AC234528.1_FG001,17.7905282898789,response to stress
AC235541.1_FG002,61.406017009582,response to stress
GRMZM2G000076,1.07604001799268,response to stress
GRMZM2G000256,99.7847776493208,response to stress
GRMZM2G000540,98.5652656293291,housekeeping genes
GRMZM2G000650,26.7575284398179,response to stress
GRMZM2G000710,30.9899525097891,housekeeping genes
GRMZM2G001304,11.5494961899214,response to stress
GRMZM2G001334,26.9727364498164,housekeeping genes
GRMZM2G001661,15.3515042498955,response to stress
GRMZM2G001724,292.754620798007,response to stress
GRMZM2G001905,0.573888008996094,response to stress
GRMZM2G002121,7.46054412294922,response to stress
GRMZM2G002130,10.6169281799277,housekeeping genes
GRMZM2G002227,1.57819202598926,response to stress
GRMZM2G002616,26.0401684298228,response to stress
GRMZM2G002687,91.1764575093794,housekeeping genes
GRMZM2G003064,3.80200806297412,response to stress
GRMZM2G003090,30.2725924997939,response to stress
GRMZM2G003318,116.714473899206,response to stress
GRMZM2G003389,2.22381603698486,response to stress
GRMZM2G003635,95.8392975793476,response to stress
GRMZM2G003662,15.566712259894,response to stress
GRMZM2G003692,136.011458199074,housekeeping genes
GRMZM2G003734,52.6542248696416,housekeeping genes
GRMZM2G003835,2.15208003598535,response to stress
GRMZM2G004006,58.9669929695986,response to stress
GRMZM2G004140,15.8536562598921,housekeeping genes
GRMZM2G004222,21.305592349855,response to stress
GRMZM2G004619,26.3271124398208,housekeeping genes
GRMZM2G004847,14.6341442399004,response to stress
GRMZM2G004997,129.626954099118,response to stress
GRMZM2G005433,191.750331198695,response to stress
GRMZM2G005737,65.7819130895522,housekeeping genes
GRMZM2G005791,32.0659925297817,housekeeping genes
GRMZM2G005859,269.727364498164,response to stress
GRMZM2G005996,4.44763207396973,response to stress
GRMZM2G006047,22.4533683698472,response to stress
GRMZM2G006219,8.39311213894287,response to stress
GRMZM2G006453,34.8636965797627,response to stress
GRMZM2G006707,137.446178299064,housekeeping genes
GRMZM2G006806,11.1908161799238,housekeeping genes
GRMZM2G007486,31.7790485297837,housekeeping genes
GRMZM2G007801,2.4390240399834,response to stress
GRMZM2G007848,98.7087376293281,response to stress
GRMZM2G007854,49.067424809666,housekeeping genes
GRMZM2G007871,82.2094573594404,housekeeping genes
GRMZM2G007871,82.2094573594404,response to stress
GRMZM2G008060,11.6929681899204,response to stress
GRMZM2G008061,18.7948323098721,response to stress
GRMZM2G008309,12.5538002099146,response to stress
GRMZM2G009163,28.6944004698047,response to stress
GRMZM2G009320,374.246718197453,response to stress
GRMZM2G009346,36.6570966097505,housekeeping genes
GRMZM2G009368,1.8651360309873,response to stress
GRMZM2G009438,8.89526414693945,response to stress
GRMZM2G009443,836.370037794307,response to stress
GRMZM2G009475,1.00430401699316,response to stress
GRMZM2G009538,36.0832085997544,housekeeping genes
GRMZM2G009571,7.38880812194971,response to stress
GRMZM2G009575,25.1793364198286,housekeeping genes
GRMZM2G009593,118.149193999196,housekeeping genes
GRMZM2G009598,7.46054412294922,response to stress
GRMZM2G009655,70.086073159523,housekeeping genes
GRMZM2G009804,17.4318482898813,response to stress
GRMZM2G009888,8.53658414094189,response to stress
GRMZM2G009968,2.36728803898389,response to stress
GRMZM2G009994,42.4677126997109,housekeeping genes
GRMZM2G010000,21.592536359853,response to stress
GRMZM2G010093,17.5035842898809,response to stress
GRMZM2G010323,26.6140564398188,housekeeping genes
GRMZM2G010389,22.5251043698467,response to stress
GRMZM2G010491,53.0846408796387,response to stress
GRMZM2G010604,4.37589607197021,response to stress
GRMZM2G010714,3.94548006497314,response to stress
GRMZM2G010783,3.94548006497314,response to stress
GRMZM2G011068,29.3400244798003,response to stress
GRMZM2G011071,14.5624082399009,response to stress
GRMZM2G011269,138.737426299056,response to stress
GRMZM2G011404,14.2037282299033,response to stress
GRMZM2G011777,7.89096012994629,housekeeping genes
GRMZM2G011932,23.2424643798418,response to stress
GRMZM2G011980,16.1406002698901,housekeeping genes
GRMZM2G012269,0.860832013994141,response to stress
GRMZM2G012276,276.972700598115,response to stress
GRMZM2G012340,9.03873614893848,response to stress
GRMZM2G012416,167.718770798858,housekeeping genes
GRMZM2G012966,137.876594299062,response to stress
GRMZM2G013176,35.7962645897563,response to stress
GRMZM2G013342,1132.78319499229,response to stress
GRMZM2G013695,7.10186411695166,response to stress
GRMZM2G013767,1.50645602498975,response to stress
GRMZM2G013814,39.4548006497314,response to stress
GRMZM2G013890,80.5595293294517,housekeeping genes
GRMZM2G013892,34.2180725697671,housekeeping genes
GRMZM2G014004,55.1649849096245,housekeeping genes
GRMZM2G014180,89.2395854693926,housekeeping genes
GRMZM2G014240,434.86363919704,response to stress
GRMZM2G014382,70.8034331695181,housekeeping genes
GRMZM2G014387,20.8034403398584,response to stress
GRMZM2G014793,42.754656709709,housekeeping genes
GRMZM2G014805,174.031538898815,housekeeping genes
GRMZM2G015324,33.78765655977,response to stress
GRMZM2G015603,1.36298402299072,response to stress
GRMZM2G015709,15.279768249896,response to stress
GRMZM2G015880,29.3400244798003,response to stress
GRMZM2G016088,38.7374406397363,response to stress
GRMZM2G016150,22.0946883698496,response to stress
GRMZM2G016511,80.6312653294512,housekeeping genes
GRMZM2G016827,131.492090199105,response to stress
GRMZM2G016892,50.6456168396553,housekeeping genes
GRMZM2G017351,97.7044336093349,response to stress
GRMZM2G017404,28.4791924698062,housekeeping genes
GRMZM2G017411,2.72596804498145,response to stress
GRMZM2G017421,41.5351446897173,housekeeping genes
GRMZM2G017647,17.2166402798828,response to stress
GRMZM2G017835,91.6068735093765,housekeeping genes
GRMZM2G017941,70.5882251695195,housekeeping genes
GRMZM2G018059,17.2883762898823,response to stress
GRMZM2G018103,268.292644398174,housekeeping genes
GRMZM2G018251,16.1406002698901,housekeeping genes
GRMZM2G018447,17.7905282898789,housekeeping genes
GRMZM2G018508,86.5853534294106,housekeeping genes
GRMZM2G018595,21.5208003598535,response to stress
GRMZM2G018689,10.7604001799268,response to stress
GRMZM2G019050,96.7001295993418,housekeeping genes
GRMZM2G019084,10.4734561699287,housekeeping genes
GRMZM2G019106,25.4662804198267,response to stress
GRMZM2G019200,47.5609687896763,housekeeping genes
GRMZM2G019291,24.6054484098325,response to stress
GRMZM2G019353,6.24103210295752,response to stress
GRMZM2G019358,562.123305296174,response to stress
GRMZM2G019386,36.72883260975,housekeeping genes
GRMZM2G019446,23.4576723898403,response to stress
GRMZM2G019538,11.4060241899224,response to stress
GRMZM2G019872,14.9210882498984,response to stress
GRMZM2G019876,8.89526414693945,housekeeping genes
GRMZM2G019999,115.781905899212,housekeeping genes
GRMZM2G020140,10.8321361799263,response to stress
GRMZM2G020631,7.3170721209502,response to stress
GRMZM2G020653,13.2711602199097,housekeeping genes
GRMZM2G020920,96.1979775893452,response to stress
GRMZM2G021110,73.0272492095029,housekeeping genes
GRMZM2G021331,175.824938898803,housekeeping genes
GRMZM2G021378,4.59110407596875,response to stress
GRMZM2G021416,59.3256729795962,response to stress
GRMZM2G021598,70.7316971695186,response to stress
GRMZM2G022019,31.1334245097881,response to stress
GRMZM2G022248,65.5667050795537,response to stress
GRMZM2G022279,16.8579602798853,response to stress
GRMZM2G022359,15.423240249895,housekeeping genes
GRMZM2G022383,60.2582409995898,housekeeping genes
GRMZM2G022694,10.1147761699312,housekeeping genes
GRMZM2G022694,10.1147761699312,response to stress
GRMZM2G022921,24.9641284098301,housekeeping genes
GRMZM2G023008,32.8550885397764,housekeeping genes
GRMZM2G023020,35.7245285897568,housekeeping genes
GRMZM2G023049,13.5581042199077,response to stress
GRMZM2G023080,26.3271124398208,housekeeping genes
GRMZM2G023585,36.72883260975,response to stress
GRMZM2G024159,9.03873614893848,housekeeping genes
GRMZM2G024615,12.4103282099155,response to stress
GRMZM2G024657,17.8622642998784,response to stress
GRMZM2G024668,10.5451921699282,response to stress
GRMZM2G025281,30.84648050979,housekeeping genes
GRMZM2G025470,65.9971210895508,response to stress
GRMZM2G025488,33.2137685497739,response to stress
GRMZM2G025552,5.66714409396143,response to stress
GRMZM2G025731,293.543716898002,response to stress
GRMZM2G025806,21.2338563498555,response to stress
GRMZM2G025992,91.965553519374,response to stress
GRMZM2G026043,88.2352814593994,housekeeping genes
GRMZM2G026180,21.6642723598525,housekeeping genes
GRMZM2G026311,22.9555203798437,housekeeping genes
GRMZM2G026855,53.7302648896343,response to stress
GRMZM2G027023,12.051648199918,housekeeping genes
GRMZM2G027173,10.6886641799272,response to stress
GRMZM2G027282,95.6958255793486,housekeeping genes
GRMZM2G027378,59.1104649795977,housekeeping genes
GRMZM2G027741,118.794817999191,housekeeping genes
GRMZM2G028190,40.6025766697236,housekeeping genes
GRMZM2G028700,98.7804736293276,housekeeping genes
GRMZM2G028900,99.7847776493208,housekeeping genes
GRMZM2G028945,19.1535123198696,housekeeping genes
GRMZM2G029001,22.3098963698481,housekeeping genes
GRMZM2G029242,18.651360309873,response to stress
GRMZM2G029370,76.255369259481,housekeeping genes
GRMZM2G029546,10.6886641799272,response to stress
GRMZM2G029833,7.46054412294922,response to stress
GRMZM2G029933,6.38450410595654,response to stress
GRMZM2G030125,96.7001295993418,housekeeping genes
GRMZM2G030144,33.931128559769,housekeeping genes
GRMZM2G030235,58.9669929695986,response to stress
GRMZM2G030312,10.9038721799258,response to stress
GRMZM2G030341,15.7101842598931,response to stress
GRMZM2G030805,67.2166331095425,housekeeping genes
GRMZM2G030902,74.4619692294931,housekeeping genes
GRMZM2G031022,27.9770404598096,response to stress
GRMZM2G031200,9.39741615493603,response to stress
GRMZM2G031607,4.8780480809668,response to stress
GRMZM2G031609,14.4189362399019,response to stress
GRMZM2G031952,32.5681445397783,response to stress
GRMZM2G032110,25.3228084198276,response to stress
GRMZM2G032190,64.060249059564,housekeeping genes
GRMZM2G032260,20.2295523298623,housekeeping genes
GRMZM2G032336,36.2984165997529,response to stress
GRMZM2G032337,12.4103282099155,response to stress
GRMZM2G032367,49.067424809666,housekeeping genes
GRMZM2G032376,29.9856484997959,response to stress
GRMZM2G032423,16.4275442698882,housekeeping genes
GRMZM2G032447,10.9756081799253,response to stress
GRMZM2G032684,40.7460486697227,response to stress
GRMZM2G032763,0.358680005997559,response to stress
GRMZM2G033634,68.7230891395322,response to stress
GRMZM2G033876,120.659953999179,housekeeping genes
GRMZM2G034025,24.533712409833,response to stress
GRMZM2G034083,224.677155698471,housekeeping genes
GRMZM2G034197,2.08034403398584,response to stress
GRMZM2G034276,61.9799050195781,housekeeping genes
GRMZM2G034288,12.9842162099116,housekeeping genes
GRMZM2G034573,98.8522096293271,response to stress
GRMZM2G034943,26.1836404298218,housekeeping genes
GRMZM2G035008,21.0186483498569,response to stress
GRMZM2G035131,10.6169281799277,response to stress
GRMZM2G035314,11.9799121999185,response to stress
GRMZM2G035395,67.5035771195405,housekeeping genes
GRMZM2G035395,67.5035771195405,response to stress
GRMZM2G035785,31.0616885097886,housekeeping genes
GRMZM2G035899,13.9167842299053,housekeeping genes
GRMZM2G035948,46.1979847596855,response to stress
GRMZM2G035985,111.979897899238,housekeeping genes
GRMZM2G036169,47.4174967796772,housekeeping genes
GRMZM2G036590,43.9024327297012,response to stress
GRMZM2G036685,23.5294083898398,housekeeping genes
GRMZM2G036720,34.3615445697661,housekeeping genes
GRMZM2G036765,108.034417799265,housekeeping genes
GRMZM2G037104,41.3916726797183,housekeeping genes
GRMZM2G037177,65.3514970795552,housekeeping genes
GRMZM2G037200,32.6398805397778,housekeeping genes
GRMZM2G037444,27.1879444498149,housekeeping genes
GRMZM2G038082,0.502152007996582,response to stress
GRMZM2G038126,43.1133367097065,housekeeping genes
GRMZM2G038158,2.29555203798437,response to stress
GRMZM2G038284,114.418921899221,response to stress
GRMZM2G038375,92.7546495293686,housekeeping genes
GRMZM2G038401,132.998546199095,housekeeping genes
GRMZM2G038801,10.7604001799268,response to stress
GRMZM2G038967,21.2338563498555,response to stress
GRMZM2G039113,1.00430401699316,response to stress
GRMZM2G039251,74.5337052294927,housekeeping genes
GRMZM2G039443,2.22381603698486,response to stress
GRMZM2G039525,1.00430401699316,response to stress
GRMZM2G039622,10.7604001799268,response to stress
GRMZM2G039792,15.4949762598945,response to stress
GRMZM2G039797,51.5064488496494,response to stress
GRMZM2G040209,38.5939686397373,housekeeping genes
GRMZM2G040309,8.32137613794336,response to stress
GRMZM2G040320,32.1377285297812,housekeeping genes
GRMZM2G040452,19.8708723298647,response to stress
GRMZM2G040881,2.86944004698047,response to stress
GRMZM2G040968,194.763243198674,response to stress
GRMZM2G040975,17.5035842898809,response to stress
GRMZM2G041269,0.860832013994141,response to stress
GRMZM2G041799,29.3400244798003,housekeeping genes
GRMZM2G041842,17.5753202898804,housekeeping genes
GRMZM2G041878,83.1420253694341,housekeeping genes
GRMZM2G042099,34.9354325797622,response to stress
GRMZM2G042136,22.3098963698481,response to stress
GRMZM2G042195,15.566712259894,response to stress
GRMZM2G043291,156.456218598935,response to stress
GRMZM2G043331,15.8536562598921,response to stress
GRMZM2G043632,3.51506405797607,response to stress
GRMZM2G043764,38.6657046397368,housekeeping genes
GRMZM2G043764,38.6657046397368,response to stress
GRMZM2G044398,45.4088887496909,housekeeping genes
GRMZM2G044527,40.0286886597275,response to stress
GRMZM2G044569,22.4533683698472,housekeeping genes
GRMZM2G044862,58.6083129696011,housekeeping genes
GRMZM2G044882,9.8278321619331,response to stress
GRMZM2G045070,67.7187851195391,response to stress
GRMZM2G045185,20.6599683398594,response to stress
GRMZM2G045236,19.6556643198662,response to stress
GRMZM2G045294,2.22381603698486,response to stress
GRMZM2G045503,22.8120483798447,housekeeping genes
GRMZM2G045732,4.23242406997119,response to stress
GRMZM2G045818,34.0028645597686,housekeeping genes
GRMZM2G045820,7.46054412294922,response to stress
GRMZM2G045944,36.9440406097485,housekeeping genes
GRMZM2G046021,22.6685763698457,housekeeping genes
GRMZM2G046025,13.1994242199102,housekeeping genes
GRMZM2G046055,17.4318482898813,response to stress
GRMZM2G046098,8.03443213294531,response to stress
GRMZM2G046402,39.3113286497324,response to stress
GRMZM2G046498,42.1090326997134,response to stress
GRMZM2G046924,95.4806175793501,housekeeping genes
GRMZM2G047002,70.4447531595205,response to stress
GRMZM2G047129,14.9928242498979,response to stress
GRMZM2G047139,28.1922484698081,response to stress
GRMZM2G047175,0.860832013994141,response to stress
GRMZM2G047204,17.8622642998784,housekeeping genes
GRMZM2G047214,20.8751763498579,housekeeping genes
GRMZM2G047274,95.4806175793501,response to stress
GRMZM2G047321,1.8651360309873,response to stress
GRMZM2G047474,19.7991363298652,response to stress
GRMZM2G047777,2.08034403398584,response to stress
GRMZM2G047995,25.1793364198286,response to stress
GRMZM2G048067,70.1578091595225,housekeeping genes
GRMZM2G048200,17.5753202898804,response to stress
GRMZM2G048257,20.2295523298623,housekeeping genes
GRMZM2G048276,32.7116165397773,response to stress
GRMZM2G048494,67.288369109542,housekeeping genes
GRMZM2G048611,49.067424809666,housekeeping genes
GRMZM2G048703,51.7933928596475,housekeeping genes
GRMZM2G049091,26.0401684298228,housekeeping genes
GRMZM2G049322,36.5136245997515,response to stress
GRMZM2G049340,16.3558082698887,response to stress
GRMZM2G049568,14.7058802398999,housekeeping genes
GRMZM2G049672,121.305577999174,housekeeping genes
GRMZM2G049759,6.59971210895508,response to stress
GRMZM2G050089,69.9426011595239,response to stress
GRMZM2G050118,21.7360083598521,response to stress
GRMZM2G050325,6.81492011295361,response to stress
GRMZM2G050647,76.4705772594795,housekeeping genes
GRMZM2G050912,17.2883762898823,response to stress
GRMZM2G051043,44.4763207396973,response to stress
GRMZM2G051174,26.3271124398208,response to stress
GRMZM2G051458,29.9856484997959,housekeeping genes
GRMZM2G051622,48.7087448096685,housekeeping genes
GRMZM2G051622,48.7087448096685,response to stress
GRMZM2G052088,129.053066099122,housekeeping genes
GRMZM2G052166,18.4361522998745,housekeeping genes
GRMZM2G052336,3.084648050979,response to stress
GRMZM2G052403,93.1850655393657,housekeeping genes
GRMZM2G052479,141.535130299037,response to stress
GRMZM2G052650,33.78765655977,response to stress
GRMZM2G052671,15.2080322498965,response to stress
GRMZM2G052699,21.305592349855,response to stress
GRMZM2G052875,43.4720167197041,housekeeping genes
GRMZM2G053239,24.533712409833,response to stress
GRMZM2G053261,34.0028645597686,housekeeping genes
GRMZM2G053507,5.38020008896338,response to stress
GRMZM2G053600,42.5394486997104,response to stress
GRMZM2G053610,12.6972722099136,housekeeping genes
GRMZM2G053676,21.0903843498564,response to stress
GRMZM2G053713,28.2639844698076,response to stress
GRMZM2G053726,31.1334245097881,response to stress
GRMZM2G054247,8.53658414094189,housekeeping genes
GRMZM2G054267,9.03873614893848,response to stress
GRMZM2G054969,1.14777601899219,response to stress
GRMZM2G055251,54.5193608996289,response to stress
GRMZM2G055276,69.2969771495283,response to stress
GRMZM2G055413,22.0946883698496,housekeeping genes
GRMZM2G055520,38.8091766397358,housekeeping genes
GRMZM2G055527,18.507888309874,response to stress
GRMZM2G055607,12.4103282099155,response to stress
GRMZM2G055619,50.3586728296572,response to stress
GRMZM2G055699,2.86944004698047,response to stress
GRMZM2G055936,126.542306099139,response to stress
GRMZM2G056145,33.2137685497739,housekeeping genes
GRMZM2G056501,120.014329999183,housekeeping genes
GRMZM2G056572,64.1319850595635,housekeeping genes
GRMZM2G056695,40.1004246597271,housekeeping genes
GRMZM2G056826,3.29985605497754,response to stress
GRMZM2G056988,1.57819202598926,response to stress
GRMZM2G057091,51.7216568496479,response to stress
GRMZM2G057150,26.0401684298228,housekeeping genes
GRMZM2G057184,13.4146322199087,response to stress
GRMZM2G057305,57.6040089496079,response to stress
GRMZM2G057436,27.6900964598115,response to stress
GRMZM2G057437,25.3228084198276,housekeeping genes
GRMZM2G057618,18.7230963098726,response to stress
GRMZM2G057674,59.8995609895923,response to stress
GRMZM2G057942,52.295544859644,response to stress
GRMZM2G058026,38.7374406397363,response to stress
GRMZM2G058039,73.1707212095019,housekeeping genes
GRMZM2G058105,19.1535123198696,housekeeping genes
GRMZM2G058345,39.1678566497334,housekeeping genes
GRMZM2G058560,6.59971210895508,response to stress
GRMZM2G058568,6.95839211495264,response to stress
GRMZM2G058760,14.3472002399023,response to stress
GRMZM2G058910,225.896667698462,housekeeping genes
GRMZM2G059015,74.3902332294937,housekeeping genes
GRMZM2G059214,8.60832014194141,response to stress
GRMZM2G059693,38.8809126397353,response to stress
GRMZM2G059801,3.29985605497754,response to stress
GRMZM2G060027,13.2711602199097,response to stress
GRMZM2G060148,22.8837843798442,response to stress
GRMZM2G060160,31.0616885097886,housekeeping genes
GRMZM2G060213,70.7316971695186,housekeeping genes
GRMZM2G060255,5.09325608396533,response to stress
GRMZM2G060451,12.6972722099136,response to stress
GRMZM2G060564,38.8091766397358,housekeeping genes
GRMZM2G060579,18.7230963098726,housekeeping genes
GRMZM2G060765,29.6269684897983,housekeeping genes
GRMZM2G060866,35.4375845897588,response to stress
GRMZM2G060918,7.9626961319458,response to stress
GRMZM2G060977,63.9885130595644,housekeeping genes
GRMZM2G061078,15.7101842598931,response to stress
GRMZM2G061184,18.507888309874,response to stress
GRMZM2G061186,37.8766086297422,housekeeping genes
GRMZM2G061446,40.8895206797217,housekeeping genes
GRMZM2G061620,76.7575212694775,housekeeping genes
GRMZM2G061745,59.1104649795977,housekeeping genes
GRMZM2G061932,16.8579602798853,response to stress
GRMZM2G062354,119.583913999186,response to stress
GRMZM2G062429,7.38880812194971,response to stress
GRMZM2G062555,20.0860803298633,housekeeping genes
GRMZM2G062761,16.2840722698892,response to stress
GRMZM2G062788,93.3285375393647,response to stress
GRMZM2G063163,10.3299841699297,response to stress
GRMZM2G063203,10.3299841699297,response to stress
GRMZM2G063216,6.59971210895508,response to stress
GRMZM2G063328,8.46484813994238,response to stress
GRMZM2G063468,3.15638405197852,response to stress
GRMZM2G063723,11.9799121999185,response to stress
GRMZM2G063792,163.988498698884,housekeeping genes
GRMZM2G064031,84.2898013894263,housekeeping genes
GRMZM2G064328,23.6728803898389,housekeeping genes
GRMZM2G064336,41.1047286797202,housekeeping genes
GRMZM2G064366,66.3558010995483,housekeeping genes
GRMZM2G064371,15.9971282598911,response to stress
GRMZM2G064521,0.717360011995117,response to stress
GRMZM2G064537,72.2381531895083,response to stress
GRMZM2G064580,51.5781848496489,housekeeping genes
GRMZM2G064608,5.38020008896338,response to stress
GRMZM2G064723,5.30846408796387,response to stress
GRMZM2G064807,16.2840722698892,housekeeping genes
GRMZM2G064905,3.6585360599751,response to stress
GRMZM2G064960,18.7948323098721,response to stress
GRMZM2G065066,44.8350007396948,housekeeping genes
GRMZM2G065292,55.0215129096255,housekeeping genes
GRMZM2G065388,35.8680005897559,response to stress
GRMZM2G065640,3.80200806297412,response to stress
GRMZM2G065669,19.0817763198701,response to stress
GRMZM2G066158,2.79770404598096,response to stress
GRMZM2G066440,79.4117533094595,housekeeping genes
GRMZM2G066449,3.22812005297803,response to stress
GRMZM2G066612,53.5867928896352,response to stress
GRMZM2G066636,8.32137613794336,response to stress
GRMZM2G067277,11.3342881899229,response to stress
GRMZM2G067426,24.6054484098325,response to stress
GRMZM2G067514,10.7604001799268,response to stress
GRMZM2G067581,4.16068806897168,response to stress
GRMZM2G067601,29.6269684897983,housekeeping genes
GRMZM2G067756,9.89956816393262,response to stress
GRMZM2G067985,348.063077797631,housekeeping genes
GRMZM2G068316,233.787627898409,response to stress
GRMZM2G068479,31.7790485297837,housekeeping genes
GRMZM2G068557,91.7503455193755,response to stress
GRMZM2G068943,48.0631207896729,response to stress
GRMZM2G069024,64.5624010695605,response to stress
GRMZM2G069410,70.6599611695191,housekeeping genes
GRMZM2G069410,70.6599611695191,response to stress
GRMZM2G069618,55.1649849096245,housekeeping genes
GRMZM2G069649,69.6556571495259,response to stress
GRMZM2G069672,1.00430401699316,response to stress
GRMZM2G069816,18.507888309874,housekeeping genes
GRMZM2G069916,116.499265899207,housekeeping genes
GRMZM2G070061,8.10616813394483,housekeeping genes
GRMZM2G070239,23.1707283798423,response to stress
GRMZM2G070305,47.9913847896733,response to stress
GRMZM2G070429,8.32137613794336,response to stress
GRMZM2G070659,82.9985533694351,response to stress
GRMZM2G070804,31.7073125197842,response to stress
GRMZM2G070825,1.57819202598926,response to stress
GRMZM2G071010,73.5294012194995,housekeeping genes
GRMZM2G071059,19.5121923198672,housekeeping genes
GRMZM2G071249,34.7202245697637,response to stress
GRMZM2G071288,21.592536359853,response to stress
GRMZM2G071370,4.51936807496924,response to stress
GRMZM2G071573,19.1535123198696,response to stress
GRMZM2G071997,3.94548006497314,response to stress
GRMZM2G072107,17.0014322798843,response to stress
GRMZM2G072300,35.5093205897583,response to stress
GRMZM2G072339,28.6226644698052,housekeeping genes
GRMZM2G072690,10.9756081799253,housekeeping genes
GRMZM2G072890,4.51936807496924,response to stress
GRMZM2G073581,25.1793364198286,response to stress
GRMZM2G073668,42.61118469971,response to stress
GRMZM2G073892,30.2008564997944,response to stress
GRMZM2G073959,17.8622642998784,response to stress
GRMZM2G074114,33.4289765497725,housekeeping genes
GRMZM2G074245,2.51076004098291,response to stress
GRMZM2G074323,30.84648050979,housekeeping genes
GRMZM2G074373,38.5222326397378,response to stress
GRMZM2G074479,145.911026399007,housekeeping genes
GRMZM2G074517,54.949776909626,response to stress
GRMZM2G074914,16.5710162698872,response to stress
GRMZM2G075092,5.30846408796387,response to stress
GRMZM2G075124,47.7761767896748,response to stress
GRMZM2G075158,5.38020008896338,response to stress
GRMZM2G075250,22.9555203798437,response to stress
GRMZM2G075257,25.6097524198257,housekeeping genes
GRMZM2G075900,46.4131927696841,response to stress
GRMZM2G076062,284.289772698065,response to stress
GRMZM2G076392,11.3342881899229,response to stress
GRMZM2G076802,1.29124802099121,response to stress
GRMZM2G076827,43.1133367097065,housekeeping genes
GRMZM2G076911,26.0401684298228,response to stress
GRMZM2G077125,29.6987044897979,housekeeping genes
GRMZM2G077150,3.22812005297803,response to stress
GRMZM2G077233,106.456225799275,response to stress
GRMZM2G077541,81.2051533394473,response to stress
GRMZM2G077823,32.9268245397759,housekeeping genes
GRMZM2G078022,53.0846408796387,response to stress
GRMZM2G078283,30.416064499793,housekeeping genes
GRMZM2G078508,7.89096012994629,response to stress
GRMZM2G078541,85.939729419415,housekeeping genes
GRMZM2G078826,114.705865899219,housekeeping genes
GRMZM2G078959,12.6972722099136,response to stress
GRMZM2G079226,37.5179286197446,housekeeping genes
GRMZM2G079290,3.58680005897559,response to stress
GRMZM2G079471,17.5753202898804,housekeeping genes
GRMZM2G079653,3.29985605497754,response to stress
GRMZM2G080120,27.6900964598115,housekeeping genes
GRMZM2G080320,26.7575284398179,response to stress
GRMZM2G080650,72.9555132095034,response to stress
GRMZM2G080722,15.7819202598926,housekeeping genes
GRMZM2G080722,15.7819202598926,response to stress
GRMZM2G081188,269.440420498166,response to stress
GRMZM2G081359,10.7604001799268,response to stress
GRMZM2G081812,71.4490571795137,housekeeping genes
GRMZM2G082198,26.2553764298213,housekeeping genes
GRMZM2G082322,8.89526414693945,housekeeping genes
GRMZM2G082362,2.51076004098291,response to stress
GRMZM2G082384,9.68436015993408,response to stress
GRMZM2G082487,7.10186411695166,response to stress
GRMZM2G082529,69.0100331395303,response to stress
GRMZM2G082642,41.8938246897148,housekeeping genes
GRMZM2G082792,15.136296249897,response to stress
GRMZM2G082809,16.4275442698882,response to stress
GRMZM2G082886,6.16929610195801,response to stress
GRMZM2G083285,1.07604001799268,response to stress
GRMZM2G083459,85.2941054094194,housekeeping genes
GRMZM2G083518,24.533712409833,housekeeping genes
GRMZM2G083763,14.3472002399023,housekeeping genes
GRMZM2G084192,22.0229523598501,response to stress
GRMZM2G084252,12.4103282099155,housekeeping genes
GRMZM2G084406,55.1649849096245,housekeeping genes
GRMZM2G084429,38.8809126397353,response to stress
GRMZM2G084606,43.4720167197041,response to stress
GRMZM2G084727,14.3472002399023,response to stress
GRMZM2G084729,10.9038721799258,response to stress
GRMZM2G084863,33.5724485497715,housekeeping genes
GRMZM2G084942,39.0243846397344,housekeeping genes
GRMZM2G085054,78.7661292994639,response to stress
GRMZM2G085402,35.3658485797593,response to stress
GRMZM2G085438,11.6212321899209,response to stress
GRMZM2G085630,40.2438966697261,housekeeping genes
GRMZM2G085849,47.7044407896753,housekeeping genes
GRMZM2G085939,18.651360309873,response to stress
GRMZM2G086236,33.4289765497725,housekeeping genes
GRMZM2G086887,117.001417899204,housekeeping genes
GRMZM2G086937,27.6900964598115,response to stress
GRMZM2G087059,5.66714409396143,response to stress
GRMZM2G087063,45.982776759687,response to stress
GRMZM2G087105,26.3271124398208,housekeeping genes
GRMZM2G087150,35.6527925897573,response to stress
GRMZM2G087192,56.9583849396123,response to stress
GRMZM2G087243,7.74748812794726,response to stress
GRMZM2G087254,65.8536490895518,response to stress
GRMZM2G087749,54.7345688996274,housekeeping genes
GRMZM2G087749,54.7345688996274,response to stress
GRMZM2G087806,49.4261048196636,housekeeping genes
GRMZM2G087850,40.7460486697227,housekeeping genes
GRMZM2G088114,169.583906798846,response to stress
GRMZM2G088140,25.9684324298232,response to stress
GRMZM2G088397,17.2883762898823,housekeeping genes
GRMZM2G088834,49.2826328096646,housekeeping genes
GRMZM2G088843,9.8278321619331,response to stress
GRMZM2G089159,22.3816323698477,response to stress
GRMZM2G089406,110.401705799249,housekeeping genes
GRMZM2G089466,68.7230891395322,housekeeping genes
GRMZM2G089498,22.7403123798452,housekeeping genes
GRMZM2G089565,4.37589607197021,response to stress
GRMZM2G089631,3.44332805697656,response to stress
GRMZM2G089962,9.75609616093359,response to stress
GRMZM2G090029,10.0430401699316,response to stress
GRMZM2G090480,12.2668561999165,housekeeping genes
GRMZM2G090788,3.44332805697656,response to stress
GRMZM2G090869,11.2625521899233,housekeeping genes
GRMZM2G091151,31.2051605197876,housekeeping genes
GRMZM2G091331,72.8837771995039,response to stress
GRMZM2G091362,2.72596804498145,response to stress
GRMZM2G091503,32.0659925297817,response to stress
GRMZM2G091581,19.3687203198682,response to stress
GRMZM2G092112,101.721649699308,housekeeping genes
GRMZM2G092152,11.4777601899219,response to stress
GRMZM2G092447,334.361501497724,housekeeping genes
GRMZM2G092550,0.645624010995606,response to stress
GRMZM2G092609,8.03443213294531,response to stress
GRMZM2G092741,46.3414567696846,housekeeping genes
GRMZM2G092741,46.3414567696846,response to stress
GRMZM2G092776,66.7144810995459,response to stress
GRMZM2G092910,9.11047215093799,response to stress
GRMZM2G092959,73.8163452194976,housekeeping genes
GRMZM2G093139,38.3070246297393,response to stress
GRMZM2G093272,5.38020008896338,response to stress
GRMZM2G093761,22.5968403698462,response to stress
GRMZM2G093828,8.03443213294531,response to stress
GRMZM2G093855,50.5021448296562,response to stress
GRMZM2G094255,12.051648199918,housekeeping genes
GRMZM2G094352,3.51506405797607,response to stress
GRMZM2G094452,28.2639844698076,response to stress
GRMZM2G094595,86.8005614294092,response to stress
GRMZM2G094698,32.9985605497754,response to stress
GRMZM2G094978,60.2582409995898,response to stress
GRMZM2G095078,18.1492082998765,response to stress
GRMZM2G095194,27.2596804498145,housekeeping genes
GRMZM2G095392,38.3787606297388,housekeeping genes
GRMZM2G095411,21.162120349856,response to stress
GRMZM2G095552,40.7460486697227,housekeeping genes
GRMZM2G095778,84.5767453994243,response to stress
GRMZM2G095811,4.01721606597266,response to stress
GRMZM2G096070,117.5753058992,housekeeping genes
GRMZM2G096123,44.8350007396948,response to stress
GRMZM2G096355,15.7819202598926,response to stress
GRMZM2G096367,1.2195120199917,response to stress
GRMZM2G096424,28.8378724798037,housekeeping genes
GRMZM2G096548,121.305577999174,housekeeping genes
GRMZM2G096759,1.8651360309873,response to stress
GRMZM2G096764,29.6987044897979,housekeeping genes
GRMZM2G096877,18.364416299875,housekeeping genes
GRMZM2G097164,12.5538002099146,housekeeping genes
GRMZM2G097170,9.46915215693555,response to stress
GRMZM2G097289,46.9870807796802,housekeeping genes
GRMZM2G097469,27.9770404598096,response to stress
GRMZM2G097812,10.3299841699297,response to stress
GRMZM2G098174,28.9813444798027,response to stress
GRMZM2G098208,95.5523535793496,housekeeping genes
GRMZM2G098227,35.9397365897554,housekeeping genes
GRMZM2G098496,101.43470569931,housekeeping genes
GRMZM2G098527,14.2754642399028,response to stress
GRMZM2G098793,81.2051533394473,response to stress
GRMZM2G098904,31.0616885097886,response to stress
GRMZM2G099130,44.5480567396968,housekeeping genes
GRMZM2G099255,16.4992802698877,response to stress
GRMZM2G099334,12.9124802099121,housekeeping genes
GRMZM2G099466,7.53228012394873,response to stress
GRMZM2G099487,22.5968403698462,housekeeping genes
GRMZM2G099630,70.4447531595205,housekeeping genes
GRMZM2G099642,5.30846408796387,response to stress
GRMZM2G099860,131.420354199105,response to stress
GRMZM2G099984,74.0315532194961,response to stress
GRMZM2G100118,98.4935296293296,response to stress
GRMZM2G100620,30.4878004997925,housekeeping genes
GRMZM2G100650,27.0444724498159,response to stress
GRMZM2G100913,108.177889799264,housekeeping genes
GRMZM2G100946,22.0946883698496,housekeeping genes
GRMZM2G100982,0.0717360009995117,response to stress
GRMZM2G101042,37.7331366197432,housekeeping genes
GRMZM2G101060,1.14777601899219,response to stress
GRMZM2G101117,12.9842162099116,response to stress
GRMZM2G101457,39.8852166597285,response to stress
GRMZM2G101460,17.2883762898823,response to stress
GRMZM2G101518,69.6556571495259,response to stress
GRMZM2G101533,41.2482006797192,response to stress
GRMZM2G101625,0.932568014993652,response to stress
GRMZM2G101867,57.6757449496074,housekeeping genes
GRMZM2G102021,10.9756081799253,housekeeping genes
GRMZM2G102021,10.9756081799253,response to stress
GRMZM2G102069,1.07604001799268,response to stress
GRMZM2G102088,49.7847848196611,housekeeping genes
GRMZM2G102167,27.2596804498145,response to stress
GRMZM2G102216,10.1865121699307,response to stress
GRMZM2G102231,46.1979847596855,housekeeping genes
GRMZM2G102560,137.589650299063,response to stress
GRMZM2G102664,16.7862242798857,response to stress
GRMZM2G102681,3.58680005897559,response to stress
GRMZM2G102745,37.0875126097476,housekeeping genes
GRMZM2G102754,1.2195120199917,response to stress
GRMZM2G102933,11.6212321899209,response to stress
GRMZM2G103070,21.0186483498569,response to stress
GRMZM2G103179,32.2094645297808,response to stress
GRMZM2G103287,49.6413128196621,housekeeping genes
GRMZM2G103430,147.417482398997,housekeeping genes
GRMZM2G103805,17.1449042798833,response to stress
GRMZM2G103902,21.592536359853,housekeeping genes
GRMZM2G103909,21.162120349856,response to stress
GRMZM2G103937,4.8780480809668,response to stress
GRMZM2G104045,14.6341442399004,response to stress
GRMZM2G104226,5.59540809196191,response to stress
GRMZM2G104833,33.357240549773,housekeeping genes
GRMZM2G104907,29.1248164798018,housekeeping genes
GRMZM2G105004,46.3414567696846,response to stress
GRMZM2G105005,15.7101842598931,response to stress
GRMZM2G105019,142.53943439903,housekeeping genes
GRMZM2G105362,9.11047215093799,response to stress
GRMZM2G105398,42.3242406997119,housekeeping genes
GRMZM2G106119,122.238145999168,response to stress
GRMZM2G106140,27.0444724498159,housekeeping genes
GRMZM2G106141,24.4619763998335,response to stress
GRMZM2G106590,135.078890199081,response to stress
GRMZM2G106790,37.5896646197441,housekeeping genes
GRMZM2G107187,4.94978408196631,response to stress
GRMZM2G107362,84.7919533994228,housekeeping genes
GRMZM2G107731,33.1420325497744,response to stress
GRMZM2G108277,80.8464733394497,housekeeping genes
GRMZM2G108309,23.0989923798428,housekeeping genes
GRMZM2G108309,23.0989923798428,response to stress
GRMZM2G108355,52.152072859645,housekeeping genes
GRMZM2G108384,34.6484885697642,housekeeping genes
GRMZM2G108546,18.220944299876,housekeeping genes
GRMZM2G108919,17.0731682798838,housekeeping genes
GRMZM2G108976,12.6972722099136,response to stress
GRMZM2G108991,0.860832013994141,response to stress
GRMZM2G109009,143.830682399021,housekeeping genes
GRMZM2G109070,107.962681799265,response to stress
GRMZM2G109268,14.2037282299033,housekeeping genes
GRMZM2G109405,46.9870807796802,response to stress
GRMZM2G109651,36.2984165997529,housekeeping genes
GRMZM2G109720,9.03873614893848,response to stress
GRMZM2G109753,93.0415935393667,housekeeping genes
GRMZM2G109818,35.7962645897563,housekeeping genes
GRMZM2G110023,10.7604001799268,response to stress
GRMZM2G110057,2.79770404598096,response to stress
GRMZM2G110185,113.271145899229,housekeeping genes
GRMZM2G110198,38.7374406397363,response to stress
GRMZM2G110289,80.4877933294521,response to stress
GRMZM2G110381,23.3859363898408,response to stress
GRMZM2G110406,28.4074564698066,response to stress
GRMZM2G110584,11.8364401999194,response to stress
GRMZM2G110869,25.3228084198276,housekeeping genes
GRMZM2G110983,53.8737368896333,housekeeping genes
GRMZM2G111204,14.2754642399028,housekeeping genes
GRMZM2G111238,33.357240549773,housekeeping genes
GRMZM2G111521,17.3601122898818,response to stress
GRMZM2G111672,17.7187922898794,housekeeping genes
GRMZM2G111720,61.5494890195811,housekeeping genes
GRMZM2G112626,6.0975601009585,response to stress
GRMZM2G112681,19.6556643198662,response to stress
GRMZM2G113052,10.2582481699302,response to stress
GRMZM2G113096,5.23672808696436,response to stress
GRMZM2G113156,72.8837771995039,housekeeping genes
GRMZM2G113205,98.9956816393262,response to stress
GRMZM2G113382,13.2711602199097,response to stress
GRMZM2G113401,22.3816323698477,response to stress
GRMZM2G113480,2.79770404598096,response to stress
GRMZM2G113592,173.31417889882,housekeeping genes
GRMZM2G113596,25.8966964298237,housekeeping genes
GRMZM2G113696,310.545149097886,housekeeping genes
GRMZM2G113775,75.3228012394873,response to stress
GRMZM2G113911,76.1118972594819,housekeeping genes
GRMZM2G113950,81.1334173394477,housekeeping genes
GRMZM2G114098,38.4504966397383,housekeeping genes
GRMZM2G114107,18.507888309874,housekeeping genes
GRMZM2G114172,18.1492082998765,housekeeping genes
GRMZM2G114220,35.6527925897573,housekeeping genes
GRMZM2G114337,8.46484813994238,response to stress
GRMZM2G114371,42.0372966897139,housekeeping genes
GRMZM2G114371,42.0372966897139,response to stress
GRMZM2G114513,45.7675687596885,housekeeping genes
GRMZM2G114575,45.1936807496924,response to stress
GRMZM2G114584,10.5451921699282,response to stress
GRMZM2G114930,4.8780480809668,response to stress
GRMZM2G115420,54.949776909626,housekeeping genes
GRMZM2G115420,54.949776909626,response to stress
GRMZM2G115456,35.7962645897563,housekeeping genes
GRMZM2G115579,30.703008509791,response to stress
GRMZM2G115615,24.3185043998345,response to stress
GRMZM2G115670,11.7647041899199,housekeeping genes
GRMZM2G115750,142.395962399031,housekeeping genes
GRMZM2G115875,18.4361522998745,response to stress
GRMZM2G116086,176.183618898801,housekeeping genes
GRMZM2G116204,59.6843529895937,response to stress
GRMZM2G116282,67.0731611095435,response to stress
GRMZM2G116292,75.4662732494863,response to stress
GRMZM2G116584,47.8479127896743,response to stress
GRMZM2G116634,20.0143443298638,response to stress
GRMZM2G116681,42.2525046997124,housekeeping genes
GRMZM2G116908,40.8895206797217,housekeeping genes
GRMZM2G117030,21.3773283498545,response to stress
GRMZM2G117300,29.2682884798008,response to stress
GRMZM2G117388,23.1707283798423,housekeeping genes
GRMZM2G117388,23.1707283798423,response to stress
GRMZM2G117410,7.46054412294922,response to stress
GRMZM2G117465,3.01291204997949,response to stress
GRMZM2G117754,22.3816323698477,response to stress
GRMZM2G117851,3.58680005897559,response to stress
GRMZM2G117935,73.2424572095015,housekeeping genes
GRMZM2G118047,6.88665611395312,response to stress
GRMZM2G118098,35.4375845897588,housekeeping genes
GRMZM2G118098,35.4375845897588,response to stress
GRMZM2G118316,52.2238088596445,housekeeping genes
GRMZM2G118467,94.1893695593589,housekeeping genes
GRMZM2G118743,74.5337052294927,housekeeping genes
GRMZM2G118825,6.45624010695605,response to stress
GRMZM2G118870,2.86944004698047,response to stress
GRMZM2G119230,6.95839211495264,response to stress
GRMZM2G119249,240.817755998361,response to stress
GRMZM2G119258,65.5667050795537,response to stress
GRMZM2G119339,7.38880812194971,response to stress
GRMZM2G119411,89.5982654793901,response to stress
GRMZM2G119546,84.0028573894282,housekeeping genes
GRMZM2G119627,31.4921045197856,housekeeping genes
GRMZM2G119691,226.614027698458,response to stress
GRMZM2G119745,22.4533683698472,response to stress
GRMZM2G119802,43.1850727097061,response to stress
GRMZM2G119930,153.873722498953,housekeeping genes
GRMZM2G120035,12.051648199918,response to stress
GRMZM2G120069,3.44332805697656,response to stress
GRMZM2G120079,374.748870197449,response to stress
GRMZM2G120173,17.7187922898794,housekeeping genes
GRMZM2G120371,9.32568015393652,response to stress
GRMZM2G120578,32.6398805397778,housekeeping genes
GRMZM2G120973,61.9799050195781,housekeeping genes
GRMZM2G121366,21.9512163598506,response to stress
GRMZM2G121418,1.79340002998779,response to stress
GRMZM2G121452,38.0918166297407,housekeeping genes
GRMZM2G121790,76.1836332594814,housekeeping genes
GRMZM2G121820,94.2611055593584,response to stress
GRMZM2G122057,1.72166402798828,response to stress
GRMZM2G122064,35.1506405797607,housekeeping genes
GRMZM2G122073,2.51076004098291,response to stress
GRMZM2G122135,120.946897999177,housekeeping genes
GRMZM2G122276,1.00430401699316,response to stress
GRMZM2G122335,191.535123198696,response to stress
GRMZM2G122863,16.7144882798862,response to stress
GRMZM2G122954,4.16068806897168,response to stress
GRMZM2G122999,57.4605369496089,housekeeping genes
GRMZM2G123277,52.3672808696436,response to stress
GRMZM2G123362,1.79340002998779,response to stress
GRMZM2G123373,7.17360011895117,response to stress
GRMZM2G123886,27.1879444498149,response to stress
GRMZM2G123922,419.081718897147,response to stress
GRMZM2G124079,4.80631207896728,housekeeping genes
GRMZM2G124096,39.8852166597285,response to stress
GRMZM2G124288,54.806304909627,housekeeping genes
GRMZM2G124524,8.39311213894287,response to stress
GRMZM2G125596,70.8034331695181,housekeeping genes
GRMZM2G125668,40.3156326697256,housekeeping genes
GRMZM2G125728,92.8981215393677,housekeeping genes
GRMZM2G125823,110.832121799246,response to stress
GRMZM2G126038,81.9225133494424,housekeeping genes
GRMZM2G126338,50.0717288296592,response to stress
GRMZM2G126453,120.731689999178,housekeeping genes
GRMZM2G126665,21.5208003598535,housekeeping genes
GRMZM2G126860,91.1047215093799,housekeeping genes
GRMZM2G127141,84.5767453994243,response to stress
GRMZM2G127756,45.6240967496894,housekeeping genes
GRMZM2G127911,16.2123362698897,response to stress
GRMZM2G128131,36.585360599751,response to stress
GRMZM2G128189,18.364416299875,housekeeping genes
GRMZM2G128214,154.734554598947,response to stress
GRMZM2G128613,56.2410249296172,housekeeping genes
GRMZM2G128880,5.09325608396533,response to stress
GRMZM2G129243,21.592536359853,response to stress
GRMZM2G129300,1.36298402299072,response to stress
GRMZM2G129700,18.7948323098721,response to stress
GRMZM2G129804,137.374442299065,response to stress
GRMZM2G130127,16.5710162698872,response to stress
GRMZM2G130356,11.7647041899199,response to stress
GRMZM2G130374,6.95839211495264,response to stress
GRMZM2G130651,12.2668561999165,response to stress
GRMZM2G130678,173.744594898817,response to stress
GRMZM2G130746,77.0444652694756,response to stress
GRMZM2G130854,27.0444724498159,housekeeping genes
GRMZM2G130868,27.1162084498154,response to stress
GRMZM2G130889,57.3888009496094,housekeeping genes
GRMZM2G130905,22.5251043698467,housekeeping genes
GRMZM2G131020,51.865128859647,housekeeping genes
GRMZM2G131249,32.9268245397759,housekeeping genes
GRMZM2G131334,99.4260976393232,response to stress
GRMZM2G132060,99.6413056493218,housekeeping genes
GRMZM2G132121,51.0760328396523,response to stress
GRMZM2G132403,8.53658414094189,response to stress
GRMZM2G132465,45.982776759687,housekeeping genes
GRMZM2G132468,70.7316971695186,housekeeping genes
GRMZM2G132633,29.6269684897983,housekeeping genes
GRMZM2G132653,51.1477688496518,housekeeping genes
GRMZM2G132857,47.6327047896758,housekeeping genes
GRMZM2G132971,51.5781848496489,response to stress
GRMZM2G133168,2.29555203798437,response to stress
GRMZM2G133621,42.754656709709,response to stress
GRMZM2G133652,37.6614006197437,housekeeping genes
GRMZM2G133738,1.07604001799268,response to stress
GRMZM2G133757,5.81061609596045,response to stress
GRMZM2G133919,80.9182093394492,housekeeping genes
GRMZM2G133966,8.75179214494043,response to stress
GRMZM2G134027,73.4576652095,housekeeping genes
GRMZM2G134156,3.73027206197461,response to stress
GRMZM2G134227,60.7603929995864,housekeeping genes
GRMZM2G134234,177.116186898794,response to stress
GRMZM2G134550,1.36298402299072,response to stress
GRMZM2G134559,4.59110407596875,response to stress
GRMZM2G134759,15.0645602498975,response to stress
GRMZM2G134863,3.51506405797607,response to stress
GRMZM2G135002,1.79340002998779,response to stress
GRMZM2G135045,20.6599683398594,housekeeping genes
GRMZM2G135599,33.2855045497734,housekeeping genes
GRMZM2G135655,10.5451921699282,response to stress
GRMZM2G136139,14.0602562299043,response to stress
GRMZM2G136910,1925.53774398689,response to stress
GRMZM2G137236,59.5408809795947,housekeeping genes
GRMZM2G137507,0.502152007996582,response to stress
GRMZM2G137528,80.6312653294512,housekeeping genes
GRMZM2G137546,6.0975601009585,response to stress
GRMZM2G137574,17.0014322798843,response to stress
GRMZM2G137696,69.9426011595239,response to stress
GRMZM2G137802,24.0315603998364,response to stress
GRMZM2G138077,13.9167842299053,housekeeping genes
GRMZM2G138178,39.526536649731,housekeeping genes
GRMZM2G138220,47.2740247796782,housekeeping genes
GRMZM2G138230,65.0645530795571,housekeeping genes
GRMZM2G138255,15.0645602498975,response to stress
GRMZM2G138342,62.2668490295762,response to stress
GRMZM2G138410,4.23242406997119,response to stress
GRMZM2G138441,2.08034403398584,response to stress
GRMZM2G138505,27.9053044598101,housekeeping genes
GRMZM2G138505,27.9053044598101,response to stress
GRMZM2G138511,82.3529293594394,response to stress
GRMZM2G138583,14.1319922299038,response to stress
GRMZM2G138861,61.262545009583,housekeeping genes
GRMZM2G139038,99.9282496493198,housekeeping genes
GRMZM2G139157,20.3730243398613,response to stress
GRMZM2G139374,159.971282598911,response to stress
GRMZM2G139419,42.2525046997124,housekeeping genes
GRMZM2G139441,35.7962645897563,response to stress
GRMZM2G139760,36.872304609749,housekeeping genes
GRMZM2G139765,1.29124802099121,response to stress
GRMZM2G139858,34.7202245697637,housekeeping genes
GRMZM2G139977,79.483489309459,housekeeping genes
GRMZM2G140047,16.6427522798867,response to stress
GRMZM2G140082,24.677184409832,response to stress
GRMZM2G140107,1.00430401699316,response to stress
GRMZM2G140156,27.761832459811,housekeeping genes
GRMZM2G140443,0.860832013994141,response to stress
GRMZM2G140614,50.4304088296567,housekeeping genes
GRMZM2G141185,37.1592486097471,response to stress
GRMZM2G141596,54.806304909627,housekeeping genes
GRMZM2G141600,63.4863610495679,response to stress
GRMZM2G141940,3.51506405797607,response to stress
GRMZM2G141941,31.6355765197847,housekeeping genes
GRMZM2G142039,26.8292644398174,response to stress
GRMZM2G142072,78.1922412894678,housekeeping genes
GRMZM2G142097,425.394486997104,response to stress
GRMZM2G142207,2.58249604298242,response to stress
GRMZM2G142357,12.2668561999165,response to stress
GRMZM2G142443,21.449064349854,housekeeping genes
GRMZM2G142557,44.3328487296982,housekeeping genes
GRMZM2G142660,21.0186483498569,response to stress
GRMZM2G142806,39.0243846397344,housekeeping genes
GRMZM2G142875,18.077472299877,response to stress
GRMZM2G143071,37.8048726197427,response to stress
GRMZM2G143168,7.24533611995068,response to stress
GRMZM2G143204,5.45193608996289,response to stress
GRMZM2G143205,57.8192169596064,response to stress
GRMZM2G143445,20.5882323398599,response to stress
GRMZM2G143655,7.81922412894678,response to stress
GRMZM2G143817,0.932568014993652,response to stress
GRMZM2G143854,44.8350007396948,housekeeping genes
GRMZM2G143917,231.635547798423,response to stress
GRMZM2G144146,5.73888009496094,response to stress
GRMZM2G144196,228.263955798446,response to stress
GRMZM2G144618,14.4906722399014,housekeeping genes
GRMZM2G144726,31.4203685197861,response to stress
GRMZM2G145024,69.6556571495259,response to stress
GRMZM2G145041,57.3170649496099,response to stress
GRMZM2G145107,30.3443284997935,housekeeping genes
GRMZM2G145112,31.2051605197876,housekeeping genes
GRMZM2G145133,65.7101770895527,response to stress
GRMZM2G145236,205.6671153986,response to stress
GRMZM2G145527,45.982776759687,response to stress
GRMZM2G145594,16.6427522798867,housekeeping genes
GRMZM2G145814,36.5136245997515,response to stress
GRMZM2G145854,74.3902332294937,housekeeping genes
GRMZM2G145895,83.7159133794302,response to stress
GRMZM2G146111,15.2080322498965,housekeeping genes
GRMZM2G146118,48.7087448096685,housekeeping genes
GRMZM2G146240,128.479178099125,response to stress
GRMZM2G146267,73.0989852095024,housekeeping genes
GRMZM2G146616,29.7704404897974,response to stress
GRMZM2G146623,1.00430401699316,response to stress
GRMZM2G146697,59.8995609895923,housekeeping genes
GRMZM2G146965,49.4261048196636,response to stress
GRMZM2G146994,15.2080322498965,response to stress
GRMZM2G147123,2.86944004698047,response to stress
GRMZM2G147402,28.8378724798037,housekeeping genes
GRMZM2G147544,13.9167842299053,response to stress
GRMZM2G147587,12.9842162099116,response to stress
GRMZM2G147619,23.2424643798418,housekeeping genes
GRMZM2G147775,11.3342881899229,response to stress
GRMZM2G147804,1.57819202598926,response to stress
GRMZM2G147885,22.5251043698467,response to stress
GRMZM2G148213,35.0071685797617,housekeeping genes
GRMZM2G148387,29.6987044897979,response to stress
GRMZM2G148460,38.8809126397353,response to stress
GRMZM2G148633,33.5724485497715,housekeeping genes
GRMZM2G148723,30.2725924997939,housekeeping genes
GRMZM2G148913,53.9454728896328,housekeeping genes
GRMZM2G148913,53.9454728896328,response to stress
GRMZM2G148962,20.6599683398594,response to stress
GRMZM2G149138,19.0100403098706,housekeeping genes
GRMZM2G149286,24.8923924098306,housekeeping genes
GRMZM2G149383,99.2826256393242,response to stress
GRMZM2G149662,21.0903843498564,response to stress
GRMZM2G149894,19.7274003298657,response to stress
GRMZM2G150262,72.4533611995068,housekeeping genes
GRMZM2G150295,63.1276810395703,response to stress
GRMZM2G150484,95.6958255793486,housekeeping genes
GRMZM2G150598,75.3945372494868,response to stress
GRMZM2G150631,43.6872247197026,housekeeping genes
GRMZM2G150838,32.6398805397778,housekeeping genes
GRMZM2G150912,37.9483446297417,housekeeping genes
GRMZM2G150950,11.9799121999185,response to stress
GRMZM2G151009,11.1908161799238,response to stress
GRMZM2G151044,1.43472002399023,response to stress
GRMZM2G151050,59.4691449795952,housekeeping genes
GRMZM2G151195,79.5552253094585,housekeeping genes
GRMZM2G151407,22.7403123798452,response to stress
GRMZM2G151444,0.789096012994629,response to stress
GRMZM2G151529,9.8278321619331,response to stress
GRMZM2G151542,2.08034403398584,response to stress
GRMZM2G151649,5.23672808696436,response to stress
GRMZM2G151905,21.162120349856,housekeeping genes
GRMZM2G151923,87.7331294494028,housekeeping genes
GRMZM2G152056,34.5767525697646,response to stress
GRMZM2G152111,28.0487764598091,housekeeping genes
GRMZM2G152373,1.29124802099121,response to stress
GRMZM2G152526,25.6814884198252,housekeeping genes
GRMZM2G152688,38.8091766397358,response to stress
GRMZM2G153119,11.2625521899233,response to stress
GRMZM2G153369,16.1406002698901,response to stress
GRMZM2G153615,69.5839211495263,housekeeping genes
GRMZM2G153706,4.3041600709707,response to stress
GRMZM2G153792,110.832121799246,housekeeping genes
GRMZM2G153977,79.9856413194556,response to stress
GRMZM2G154394,6.0975601009585,response to stress
GRMZM2G154565,12.4103282099155,response to stress
GRMZM2G155058,1.29124802099121,response to stress
GRMZM2G155220,23.1707283798423,response to stress
GRMZM2G155337,34.5767525697646,housekeeping genes
GRMZM2G155384,126.829250099137,housekeeping genes
GRMZM2G155543,31.8507845297832,response to stress
GRMZM2G155565,6.88665611395312,response to stress
GRMZM2G155949,23.6728803898389,response to stress
GRMZM2G155991,40.6025766697236,response to stress
GRMZM2G156033,11.4777601899219,response to stress
GRMZM2G156126,6.0975601009585,response to stress
GRMZM2G156251,135.796250199076,housekeeping genes
GRMZM2G156348,1.72166402798828,response to stress
GRMZM2G156415,7.60401612594824,response to stress
GRMZM2G156490,2.08034403398584,response to stress
GRMZM2G156638,87.3744494394053,housekeeping genes
GRMZM2G156765,15.279768249896,response to stress
GRMZM2G156800,95.8392975793476,housekeeping genes
GRMZM2G156956,28.6226644698052,response to stress
GRMZM2G157177,33.0702965497749,response to stress
GRMZM2G157247,11.3342881899229,response to stress
GRMZM2G157316,37.8048726197427,housekeeping genes
GRMZM2G157354,61.1908090095835,response to stress
GRMZM2G157574,16.6427522798867,response to stress
GRMZM2G157589,14.7058802398999,housekeeping genes
GRMZM2G157598,45.5523607496899,housekeeping genes
GRMZM2G158062,30.84648050979,housekeeping genes
GRMZM2G158140,2.15208003598535,response to stress
GRMZM2G158205,313.127645197869,response to stress
GRMZM2G158575,32.7116165397773,housekeeping genes
GRMZM2G158872,120.659953999179,housekeeping genes
GRMZM2G158918,14.6341442399004,housekeeping genes
GRMZM2G159169,0.717360011995117,response to stress
GRMZM2G159330,13.7015762299067,housekeeping genes
GRMZM2G159389,28.6944004698047,housekeeping genes
GRMZM2G159643,73.6728732194985,response to stress
GRMZM2G159720,27.618360459812,housekeeping genes
GRMZM2G159720,27.618360459812,response to stress
GRMZM2G160198,4.44763207396973,response to stress
GRMZM2G160304,31.2768965197871,response to stress
GRMZM2G160370,20.0143443298638,response to stress
GRMZM2G160569,67.7905211195386,response to stress
GRMZM2G160801,38.6657046397368,housekeeping genes
GRMZM2G160971,2.08034403398584,response to stress
GRMZM2G161009,11.8364401999194,response to stress
GRMZM2G161087,58.6800489696006,response to stress
GRMZM2G161222,17.5753202898804,response to stress
GRMZM2G161491,14.0602562299043,response to stress
GRMZM2G161800,0.860832013994141,response to stress
GRMZM2G161913,39.3830646497319,housekeeping genes
GRMZM2G162079,17.2883762898823,housekeeping genes
GRMZM2G162167,24.4619763998335,housekeeping genes
GRMZM2G162184,57.7474809496069,housekeeping genes
GRMZM2G162353,25.3945444198271,housekeeping genes
GRMZM2G162616,32.4246725397793,response to stress
GRMZM2G162690,75.8249532494839,response to stress
GRMZM2G162868,10.6886641799272,response to stress
GRMZM2G162931,2.00860803298633,response to stress
GRMZM2G163242,1.72166402798828,response to stress
GRMZM2G163277,55.6671369196211,housekeeping genes
GRMZM2G163444,42.5394486997104,housekeeping genes
GRMZM2G163726,30.6312725097915,housekeeping genes
GRMZM2G163849,134.002850199088,housekeeping genes
GRMZM2G163861,149.641298498981,response to stress
GRMZM2G163888,90.0286814893872,housekeeping genes
GRMZM2G164185,49.8565208196606,housekeeping genes
GRMZM2G164265,73.1707212095019,housekeeping genes
GRMZM2G164352,137.302706299065,housekeeping genes
GRMZM2G164418,72.8837771995039,housekeeping genes
GRMZM2G164542,2.86944004698047,response to stress
GRMZM2G164562,108.823513799259,housekeeping genes
GRMZM2G164663,56.0975529296182,housekeeping genes
GRMZM2G164663,56.0975529296182,response to stress
GRMZM2G164916,18.4361522998745,housekeeping genes
GRMZM2G165137,51.7933928596475,housekeeping genes
GRMZM2G165209,15.8536562598921,housekeeping genes
GRMZM2G165308,3.29985605497754,response to stress
GRMZM2G165418,76.39884125948,housekeeping genes
GRMZM2G165681,43.1133367097065,housekeeping genes
GRMZM2G165917,168.93828279885,housekeeping genes
GRMZM2G165926,68.6513531295327,housekeeping genes
GRMZM2G165972,17.5035842898809,response to stress
GRMZM2G166005,0.860832013994141,response to stress
GRMZM2G166049,40.6743126697231,housekeeping genes
GRMZM2G166109,14.6341442399004,response to stress
GRMZM2G166355,58.6800489696006,housekeeping genes
GRMZM2G166507,27.8335684598105,response to stress
GRMZM2G166537,12.7690082099131,response to stress
GRMZM2G166646,177.474866898792,housekeeping genes
GRMZM2G166721,23.8880883898374,response to stress
GRMZM2G166855,42.0372966897139,housekeeping genes
GRMZM2G166987,96.1979775893452,response to stress
GRMZM2G167164,31.7073125197842,response to stress
GRMZM2G167651,42.2525046997124,housekeeping genes
GRMZM2G167836,40.6743126697231,housekeeping genes
GRMZM2G168166,26.9010004398169,response to stress
GRMZM2G168190,3.01291204997949,response to stress
GRMZM2G168222,7.10186411695166,response to stress
GRMZM2G168257,16.2840722698892,housekeeping genes
GRMZM2G168337,34.8636965797627,housekeeping genes
GRMZM2G168590,29.9856484997959,response to stress
GRMZM2G168791,51.7216568496479,response to stress
GRMZM2G168913,23.1707283798423,housekeeping genes
GRMZM2G169184,38.9526486397349,response to stress
GRMZM2G169201,48.4935367996699,response to stress
GRMZM2G169320,27.474888449813,housekeeping genes
GRMZM2G169372,329.770397497755,response to stress
GRMZM2G169432,18.077472299877,response to stress
GRMZM2G169451,15.6384482598936,response to stress
GRMZM2G169562,1.43472002399023,response to stress
GRMZM2G169648,17.4318482898813,response to stress
GRMZM2G169998,22.0229523598501,housekeeping genes
GRMZM2G170088,17.2166402798828,response to stress
GRMZM2G170307,15.0645602498975,response to stress
GRMZM2G170313,44.2611127296987,housekeeping genes
GRMZM2G170322,1.43472002399023,response to stress
GRMZM2G170489,4.23242406997119,response to stress
GRMZM2G170516,2.08034403398584,response to stress
GRMZM2G170699,33.2855045497734,housekeeping genes
GRMZM2G170805,46.9153447796807,response to stress
GRMZM2G170843,49.2826328096646,response to stress
GRMZM2G171028,5.30846408796387,response to stress
GRMZM2G171170,3.87374406397363,response to stress
GRMZM2G171210,10.0430401699316,response to stress
GRMZM2G171354,147.345746398997,housekeeping genes
GRMZM2G171370,14.7058802398999,response to stress
GRMZM2G171488,62.7690010395727,housekeeping genes
GRMZM2G171569,21.5208003598535,response to stress
GRMZM2G171600,69.5121851495268,response to stress
GRMZM2G171616,47.2740247796782,response to stress
GRMZM2G171622,45.839304759688,response to stress
GRMZM2G172021,21.162120349856,response to stress
GRMZM2G172098,29.3400244798003,response to stress
GRMZM2G172357,81.9225133494424,response to stress
GRMZM2G172581,13.1994242199102,response to stress
GRMZM2G173354,40.2438966697261,housekeeping genes
GRMZM2G173636,20.3730243398613,housekeeping genes
GRMZM2G173680,62.4820570295747,response to stress
GRMZM2G173718,102.295537699304,response to stress
GRMZM2G173770,8.10616813394483,response to stress
GRMZM2G173777,36.585360599751,housekeeping genes
GRMZM2G173868,30.7747445097905,housekeeping genes
GRMZM2G173943,97.0588095993394,housekeeping genes
GRMZM2G174170,14.2754642399028,housekeeping genes
GRMZM2G174221,40.1721606597266,response to stress
GRMZM2G174315,19.2969843198687,response to stress
GRMZM2G174335,11.8364401999194,housekeeping genes
GRMZM2G174370,7.03012811595215,response to stress
GRMZM2G174554,45.982776759687,response to stress
GRMZM2G174568,37.3027206197461,housekeeping genes
GRMZM2G174572,54.2324168996309,housekeeping genes
GRMZM2G174797,11.2625521899233,response to stress
GRMZM2G174896,805.595293294517,response to stress
GRMZM2G174975,4.8780480809668,response to stress
GRMZM2G175419,97.847905619334,response to stress
GRMZM2G175463,23.8880883898374,housekeeping genes
GRMZM2G175463,23.8880883898374,response to stress
GRMZM2G175504,10.0430401699316,response to stress
GRMZM2G176282,22.9555203798437,response to stress
GRMZM2G176542,25.8966964298237,response to stress
GRMZM2G176665,1.36298402299072,response to stress
GRMZM2G176698,70.8751691695176,housekeeping genes
GRMZM2G176881,21.305592349855,housekeeping genes
GRMZM2G176922,10.1147761699312,response to stress
GRMZM2G177273,32.2094645297808,housekeeping genes
GRMZM2G177575,10.9038721799258,response to stress
GRMZM2G177781,57.4605369496089,housekeeping genes
GRMZM2G177853,21.6642723598525,response to stress
GRMZM2G177928,19.9426083298643,response to stress
GRMZM2G177937,63.3428890495688,response to stress
GRMZM2G178829,30.559536509792,response to stress
GRMZM2G178913,5.73888009496094,response to stress
GRMZM2G178919,20.0143443298638,housekeeping genes
GRMZM2G178924,2.08034403398584,response to stress
GRMZM2G178972,60.1147689895908,response to stress
GRMZM2G179281,9.8278321619331,response to stress
GRMZM2G179292,46.6284007696826,response to stress
GRMZM2G179505,45.1936807496924,housekeeping genes
GRMZM2G179662,52.9411688796396,response to stress
GRMZM2G179800,13.1994242199102,response to stress
GRMZM2G179802,27.618360459812,response to stress
GRMZM2G180060,0.789096012994629,response to stress
GRMZM2G180335,44.1176407296997,housekeeping genes
GRMZM2G180372,6.59971210895508,response to stress
GRMZM2G180458,26.5423204398193,housekeeping genes
GRMZM2G180558,4.3041600709707,response to stress
GRMZM2G180596,4.37589607197021,response to stress
GRMZM2G180620,16.9296962798848,response to stress
GRMZM2G180691,34.2898085697666,housekeeping genes
GRMZM2G180920,59.4691449795952,response to stress
GRMZM2G181000,2.08034403398584,response to stress
GRMZM2G181018,27.9770404598096,response to stress
GRMZM2G181148,11.0473441799248,response to stress
GRMZM2G181151,205.093227398604,housekeeping genes
GRMZM2G181359,130.057370099115,housekeeping genes
GRMZM2G300408,21.8794803598511,response to stress
GRMZM2G300944,12.195120199917,housekeeping genes
GRMZM2G301513,0.43041600699707,response to stress
GRMZM2G303149,12.051648199918,response to stress
GRMZM2G303244,2.08034403398584,response to stress
GRMZM2G304010,2.29555203798437,response to stress
GRMZM2G304274,5.16499208496484,response to stress
GRMZM2G305864,14.4189362399019,response to stress
GRMZM2G306851,6.81492011295361,response to stress
GRMZM2G307252,44.9067367396943,response to stress
GRMZM2G307368,49.4261048196636,response to stress
GRMZM2G307992,20.4447603398608,response to stress
GRMZM2G308083,19.7991363298652,housekeeping genes
GRMZM2G308083,19.7991363298652,response to stress
GRMZM2G310410,2.15208003598535,response to stress
GRMZM2G311051,88.3070174593989,response to stress
GRMZM2G312078,0.789096012994629,response to stress
GRMZM2G312712,71.2338491795151,response to stress
GRMZM2G312839,13.3428962199092,response to stress
GRMZM2G313649,5.09325608396533,response to stress
GRMZM2G315431,24.6054484098325,response to stress
GRMZM2G316191,75.6814812494849,housekeeping genes
GRMZM2G318213,4.23242406997119,response to stress
GRMZM2G318681,4.08895206797217,response to stress
GRMZM2G319760,0.645624010995606,response to stress
GRMZM2G320206,7.10186411695166,response to stress
GRMZM2G321153,4.44763207396973,response to stress
GRMZM2G322186,32.2094645297808,housekeeping genes
GRMZM2G322634,18.7230963098726,response to stress
GRMZM2G323912,27.2596804498145,housekeeping genes
GRMZM2G324886,32.2094645297808,housekeeping genes
GRMZM2G324886,32.2094645297808,response to stress
GRMZM2G328213,3.80200806297412,response to stress
GRMZM2G329532,16.8579602798853,response to stress
GRMZM2G330019,349.067381797624,response to stress
GRMZM2G330526,3.73027206197461,response to stress
GRMZM2G330772,26.5423204398193,response to stress
GRMZM2G331032,103.228105699297,housekeeping genes
GRMZM2G334457,108.106153799264,housekeeping genes
GRMZM2G335280,3.01291204997949,response to stress
GRMZM2G337548,1.43472002399023,response to stress
GRMZM2G337706,1.07604001799268,response to stress
GRMZM2G338160,18.5796243098735,response to stress
GRMZM2G338696,15.423240249895,response to stress
GRMZM2G340130,33.931128559769,response to stress
GRMZM2G342386,31.6355765197847,housekeeping genes
GRMZM2G343974,3.6585360599751,response to stress
GRMZM2G347361,9.89956816393262,response to stress
GRMZM2G347645,29.3400244798003,housekeeping genes
GRMZM2G349062,52.9411688796396,response to stress
GRMZM2G349554,7.53228012394873,response to stress
GRMZM2G350205,14.7058802398999,response to stress
GRMZM2G350626,83.7159133794302,housekeeping genes
GRMZM2G350628,25.4662804198267,housekeeping genes
GRMZM2G355450,11.1908161799238,response to stress
GRMZM2G357399,18.8665683098716,housekeeping genes
GRMZM2G358796,0.932568014993652,response to stress
GRMZM2G358830,7.60401612594824,response to stress
GRMZM2G360455,51.0760328396523,response to stress
GRMZM2G360517,383.715870297388,response to stress
GRMZM2G361842,15.4949762598945,response to stress
GRMZM2G362312,36.585360599751,response to stress
GRMZM2G362413,22.5968403698462,response to stress
GRMZM2G362693,0.932568014993652,response to stress
GRMZM2G363038,66.4275370995478,housekeeping genes
GRMZM2G363052,2.94117604897998,response to stress
GRMZM2G363460,94.5480495593564,housekeeping genes
GRMZM2G366301,1.14777601899219,response to stress
GRMZM2G366659,3.37159205597705,response to stress
GRMZM2G366935,24.3185043998345,housekeeping genes
GRMZM2G368448,66.5710090995469,housekeeping genes
GRMZM2G369485,1.00430401699316,response to stress
GRMZM2G369815,7.10186411695166,response to stress
GRMZM2G369912,54.1606808996313,housekeeping genes
GRMZM2G369912,54.1606808996313,response to stress
GRMZM2G370155,6.45624010695605,response to stress
GRMZM2G371721,8.53658414094189,response to stress
GRMZM2G371944,112.123369899237,response to stress
GRMZM2G373175,176.829242898796,housekeeping genes
GRMZM2G373420,23.6011443898394,response to stress
GRMZM2G373522,190.243875098705,response to stress
GRMZM2G374973,2.08034403398584,response to stress
GRMZM2G376074,64.9210810695581,housekeeping genes
GRMZM2G376416,69.9426011595239,response to stress
GRMZM2G377217,1.57819202598926,response to stress
GRMZM2G377887,27.5466244598125,housekeeping genes
GRMZM2G381429,1.72166402798828,response to stress
GRMZM2G382077,29.0530804798022,housekeeping genes
GRMZM2G383240,14.8493522498989,response to stress
GRMZM2G384327,158.68003459892,housekeeping genes
GRMZM2G389233,199.210875298644,housekeeping genes
GRMZM2G390345,1.07604001799268,response to stress
GRMZM2G392649,53.1563768796382,response to stress
GRMZM2G393671,45.1219447496929,response to stress
GRMZM2G397247,522.811976596441,response to stress
GRMZM2G397836,34.0028645597686,housekeeping genes
GRMZM2G398809,19.7991363298652,response to stress
GRMZM2G399207,9.68436015993408,response to stress
GRMZM2G399284,173.027234898822,response to stress
GRMZM2G400238,107.604001799268,housekeeping genes
GRMZM2G401664,83.7876493794297,response to stress
GRMZM2G403162,15.2080322498965,response to stress
GRMZM2G403218,10.9756081799253,housekeeping genes
GRMZM2G404426,28.9813444798027,response to stress
GRMZM2G405760,6.02582409995898,response to stress
GRMZM2G406715,3.51506405797607,response to stress
GRMZM2G407044,63.3428890495688,response to stress
GRMZM2G408005,3.37159205597705,response to stress
GRMZM2G409865,85.0071613994214,housekeeping genes
GRMZM2G410393,117.144889899203,housekeeping genes
GRMZM2G410704,2.15208003598535,response to stress
GRMZM2G412234,26.4705844398198,housekeeping genes
GRMZM2G412296,31.5638405197852,response to stress
GRMZM2G412470,50.4304088296567,response to stress
GRMZM2G412888,45.9110407596875,housekeeping genes
GRMZM2G412899,99.4260976393232,housekeeping genes
GRMZM2G412937,17.7187922898794,response to stress
GRMZM2G413544,13.9167842299053,response to stress
GRMZM2G414866,11.0473441799248,response to stress
GRMZM2G415343,1.43472002399023,response to stress
GRMZM2G415791,7.17360011895117,response to stress
GRMZM2G415793,24.1032963998359,response to stress
GRMZM2G415846,74.9641212394897,housekeeping genes
GRMZM2G416019,15.3515042498955,housekeeping genes
GRMZM2G417658,47.5609687896763,response to stress
GRMZM2G419305,50.1434648296587,response to stress
GRMZM2G420055,42.3242406997119,response to stress
GRMZM2G420121,49.2826328096646,housekeeping genes
GRMZM2G420789,12.2668561999165,response to stress
GRMZM2G421829,68.0057291195371,housekeeping genes
GRMZM2G421857,229.555203798437,housekeeping genes
GRMZM2G422651,39.1678566497334,housekeeping genes
GRMZM2G422938,33.78765655977,housekeeping genes
GRMZM2G425377,83.5724413794312,housekeeping genes
GRMZM2G425728,7.3170721209502,response to stress
GRMZM2G426271,0.789096012994629,response to stress
GRMZM2G427337,48.7087448096685,housekeeping genes
GRMZM2G428765,7.10186411695166,response to stress
GRMZM2G429169,25.9684324298232,response to stress
GRMZM2G429241,48.8522168096675,housekeeping genes
GRMZM2G429972,26.6857924398184,response to stress
GRMZM2G430152,1.00430401699316,response to stress
GRMZM2G433591,25.3228084198276,housekeeping genes
GRMZM2G434252,22.0229523598501,response to stress
GRMZM2G435675,4.23242406997119,response to stress
GRMZM2G436084,38.7374406397363,response to stress
GRMZM2G436835,73.601137219499,housekeeping genes
GRMZM2G438176,3.94548006497314,response to stress
GRMZM2G438202,36.585360599751,response to stress
GRMZM2G441031,1.93687203198682,response to stress
GRMZM2G442195,86.4418814294116,response to stress
GRMZM2G442404,25.2510724198281,response to stress
GRMZM2G442489,1.57819202598926,response to stress
GRMZM2G444692,37.0157766097481,response to stress
GRMZM2G444808,54.8780409096265,response to stress
GRMZM2G445905,205.380171398602,response to stress
GRMZM2G446170,28.4074564698066,response to stress
GRMZM2G446921,3.37159205597705,response to stress
GRMZM2G447195,2.94117604897998,response to stress
GRMZM2G448368,0.215208003998535,response to stress
GRMZM2G449083,44.3328487296982,housekeeping genes
GRMZM2G449083,44.3328487296982,response to stress
GRMZM2G449160,39.0243846397344,response to stress
GRMZM2G449355,73.4576652095,housekeeping genes
GRMZM2G451357,57.9626889596055,housekeeping genes
GRMZM2G451366,48.0631207896729,response to stress
GRMZM2G452016,16.9296962798848,response to stress
GRMZM2G455664,6.7431841109541,response to stress
GRMZM2G456132,4.23242406997119,response to stress
GRMZM2G457201,23.0989923798428,housekeeping genes
GRMZM2G457201,23.0989923798428,response to stress
GRMZM2G458665,30.6312725097915,housekeeping genes
GRMZM2G459063,34.1463365597676,housekeeping genes
GRMZM2G459104,5.38020008896338,response to stress
GRMZM2G460012,6.45624010695605,response to stress
GRMZM2G461279,1.93687203198682,response to stress
GRMZM2G462613,77.9770332894692,response to stress
GRMZM2G462639,37.1592486097471,housekeeping genes
GRMZM2G462803,186.226659098732,response to stress
GRMZM2G463032,46.2697207596851,housekeeping genes
GRMZM2G463227,28.0487764598091,response to stress
GRMZM2G463726,1.00430401699316,response to stress
GRMZM2G464000,60.4017129995889,housekeeping genes
GRMZM2G464401,18.651360309873,response to stress
GRMZM2G466270,53.8737368896333,housekeeping genes
GRMZM2G467169,133.070282199094,housekeeping genes
GRMZM2G467682,12.7690082099131,response to stress
GRMZM2G468610,2.00860803298633,response to stress
GRMZM2G468740,2.22381603698486,response to stress
GRMZM2G469469,3.94548006497314,response to stress
GRMZM2G469898,110.329969799249,response to stress
GRMZM2G470513,20.9469123498574,response to stress
GRMZM2G470740,52.152072859645,housekeeping genes
GRMZM2G470942,10.7604001799268,response to stress
GRMZM2G471083,12.9842162099116,response to stress
GRMZM2G472693,40.3156326697256,housekeeping genes
GRMZM2G472693,40.3156326697256,response to stress
GRMZM2G473709,5.16499208496484,response to stress
GRMZM2G474658,52.4390168696431,housekeeping genes
GRMZM2G476973,2.79770404598096,response to stress
GRMZM2G477200,2.58249604298242,response to stress
GRMZM2G477491,5.09325608396533,response to stress
GRMZM2G477743,24.6054484098325,response to stress
GRMZM2G478370,45.2654167496919,housekeeping genes
GRMZM2G479744,78.6226572994648,housekeeping genes
GRMZM2G480002,82.3529293594394,housekeeping genes
GRMZM2G480809,58.8952569695991,housekeeping genes
GRMZM2G481452,52.5824888696421,response to stress
GRMZM2G484653,2.36728803898389,response to stress
GRMZM2G527891,19.6556643198662,response to stress
GRMZM2G532387,0.573888008996094,response to stress
GRMZM2G540772,1.57819202598926,response to stress
GRMZM2G541193,99.1391536393252,housekeeping genes
GRMZM2G549512,21.8794803598511,response to stress
GRMZM2G550865,68.5078811295337,housekeeping genes
GRMZM2G552322,14.4189362399019,housekeeping genes
GRMZM2G558539,81.9225133494424,housekeeping genes
GRMZM2G588223,28.1205124598086,housekeeping genes
GRMZM2G588223,28.1205124598086,response to stress
GRMZM2G590027,7.17360011895117,response to stress
GRMZM2G703303,14.8493522498989,housekeeping genes
GRMZM5G806268,1.00430401699316,response to stress
GRMZM5G806309,12.338592199916,housekeeping genes
GRMZM5G806649,12.6972722099136,response to stress
GRMZM5G806947,34.3615445697661,response to stress
GRMZM5G808775,58.8952569695991,housekeeping genes
GRMZM5G809417,3.80200806297412,response to stress
GRMZM5G810275,68.0774651295366,housekeeping genes
GRMZM5G812660,8.10616813394483,response to stress
GRMZM5G812921,38.0918166297407,housekeeping genes
GRMZM5G813055,12.2668561999165,response to stress
GRMZM5G813092,32.3529365297798,response to stress
GRMZM5G813584,45.0502087396934,response to stress
GRMZM5G813903,3.58680005897559,response to stress
GRMZM5G814159,37.3027206197461,housekeeping genes
GRMZM5G814700,137.733122299063,response to stress
GRMZM5G817439,30.3443284997935,housekeeping genes
GRMZM5G819999,18.8665683098716,response to stress
GRMZM5G820781,14.1319922299038,housekeeping genes
GRMZM5G820808,7.81922412894678,response to stress
GRMZM5G821988,71.3773211795142,housekeeping genes
GRMZM5G823629,34.9354325797622,response to stress
GRMZM5G824843,13.4146322199087,response to stress
GRMZM5G824944,110.545177799248,housekeeping genes
GRMZM5G825524,93.0415935393667,housekeeping genes
GRMZM5G826174,2.4390240399834,response to stress
GRMZM5G826456,15.7101842598931,housekeeping genes
GRMZM5G827171,28.6226644698052,housekeeping genes
GRMZM5G827171,28.6226644698052,response to stress
GRMZM5G828661,1.64992802698877,response to stress
GRMZM5G828987,4.73457607796777,response to stress
GRMZM5G830269,2.58249604298242,response to stress
GRMZM5G831795,4.37589607197021,response to stress
GRMZM5G831887,2.79770404598096,response to stress
GRMZM5G832740,14.9928242498979,response to stress
GRMZM5G833477,16.8579602798853,housekeeping genes
GRMZM5G834734,3.87374406397363,response to stress
GRMZM5G835903,6.16929610195801,response to stress
GRMZM5G836167,22.3816323698477,housekeeping genes
GRMZM5G838403,30.416064499793,housekeeping genes
GRMZM5G838435,22.8837843798442,response to stress
GRMZM5G838754,4.01721606597266,response to stress
GRMZM5G838910,25.1076004098291,housekeeping genes
GRMZM5G839512,37.4461926197451,housekeeping genes
GRMZM5G842645,2.22381603698486,response to stress
GRMZM5G844195,57.2453289496103,housekeeping genes
GRMZM5G845755,50.0717288296592,housekeeping genes
GRMZM5G846198,58.8952569695991,response to stress
GRMZM5G848138,59.7560889895933,response to stress
GRMZM5G848608,13.8450482299058,response to stress
GRMZM5G850455,38.3070246297393,response to stress
GRMZM5G851026,21.3773283498545,housekeeping genes
GRMZM5G852968,553.012833096236,response to stress
GRMZM5G854138,277.833532598109,response to stress
GRMZM5G855924,5.73888009496094,response to stress
GRMZM5G856436,20.6599683398594,response to stress
GRMZM5G857930,31.5638405197852,response to stress
GRMZM5G858197,18.8665683098716,response to stress
GRMZM5G861997,15.136296249897,response to stress
GRMZM5G864266,44.5480567396968,housekeeping genes
GRMZM5G866100,81.7790413494433,housekeeping genes
GRMZM5G868047,9.32568015393652,response to stress
GRMZM5G868354,81.4920973494453,response to stress
GRMZM5G868683,10.2582481699302,housekeeping genes
GRMZM5G870572,26.1119044298223,housekeeping genes
GRMZM5G871572,32.3529365297798,housekeeping genes
GRMZM5G872997,18.1492082998765,housekeeping genes
GRMZM5G873194,9.8278321619331,housekeeping genes
GRMZM5G873519,1230.34415599163,response to stress
GRMZM5G877647,4.01721606597266,response to stress
GRMZM5G878970,11.4060241899224,response to stress
GRMZM5G880508,67.57531311954,housekeeping genes
GRMZM5G881605,36.9440406097485,housekeeping genes
GRMZM5G882708,17.5035842898809,response to stress
GRMZM5G882821,9.68436015993408,response to stress
GRMZM5G885628,38.5939686397373,housekeeping genes
GRMZM5G886561,18.7948323098721,response to stress
GRMZM5G888860,19.5121923198672,response to stress
GRMZM5G892035,7.81922412894678,response to stress
GRMZM5G892742,37.8048726197427,response to stress
GRMZM5G893764,13.1276882199106,response to stress
GRMZM5G895064,47.2022887796787,housekeeping genes
GRMZM5G895573,0.573888008996094,response to stress
GRMZM5G899349,61.119073009584,housekeeping genes
